asset,hill_k,tail_index_alpha
SPY,100,2.8218773656949168
BTC,100,3.532939211423173
